timeStamp,elapsed,label,responseCode,responseMessage,threadName,dataType,success,failureMessage,bytes,sentBytes,grpThreads,allThreads,URL,Latency,IdleTime,Connect
1.76461E+12,235,posting_flights,415,Unsupported Media Type,Thread Group 1-16,text,FALSE,,360,406,43,43,http://localhost:8080/flight-service/flights,228,0,26
1.76461E+12,235,posting_flights,415,Unsupported Media Type,Thread Group 1-7,text,FALSE,,360,406,43,43,http://localhost:8080/flight-service/flights,228,0,26
1.76461E+12,253,posting_flights,415,Unsupported Media Type,Thread Group 1-12,text,FALSE,,360,406,43,43,http://localhost:8080/flight-service/flights,229,0,27
1.76461E+12,253,posting_flights,415,Unsupported Media Type,Thread Group 1-10,text,FALSE,,360,406,43,43,http://localhost:8080/flight-service/flights,252,0,27
1.76461E+12,254,posting_flights,415,Unsupported Media Type,Thread Group 1-21,text,FALSE,,360,406,42,42,http://localhost:8080/flight-service/flights,253,0,13
1.76461E+12,278,posting_flights,415,Unsupported Media Type,Thread Group 1-19,text,FALSE,,360,406,42,42,http://localhost:8080/flight-service/flights,269,0,27
1.76461E+12,247,posting_flights,415,Unsupported Media Type,Thread Group 1-23,text,FALSE,,360,406,41,41,http://localhost:8080/flight-service/flights,214,0,1
1.76461E+12,282,posting_flights,415,Unsupported Media Type,Thread Group 1-13,text,FALSE,,360,406,41,41,http://localhost:8080/flight-service/flights,281,0,26
1.76461E+12,283,posting_flights,415,Unsupported Media Type,Thread Group 1-18,text,FALSE,,360,406,39,39,http://localhost:8080/flight-service/flights,274,0,26
1.76461E+12,284,posting_flights,415,Unsupported Media Type,Thread Group 1-5,text,FALSE,,360,406,39,39,http://localhost:8080/flight-service/flights,283,0,27
1.76461E+12,285,posting_flights,415,Unsupported Media Type,Thread Group 1-11,text,FALSE,,360,406,38,38,http://localhost:8080/flight-service/flights,284,0,26
1.76461E+12,304,posting_flights,415,Unsupported Media Type,Thread Group 1-4,text,FALSE,,360,406,38,38,http://localhost:8080/flight-service/flights,285,0,27
1.76461E+12,305,posting_flights,415,Unsupported Media Type,Thread Group 1-14,text,FALSE,,360,406,39,39,http://localhost:8080/flight-service/flights,283,0,27
1.76461E+12,312,posting_flights,415,Unsupported Media Type,Thread Group 1-17,text,FALSE,,360,406,37,37,http://localhost:8080/flight-service/flights,285,0,26
1.76461E+12,315,posting_flights,415,Unsupported Media Type,Thread Group 1-3,text,FALSE,,360,406,37,37,http://localhost:8080/flight-service/flights,314,0,26
1.76461E+12,356,posting_flights,415,Unsupported Media Type,Thread Group 1-9,text,FALSE,,360,406,40,40,http://localhost:8080/flight-service/flights,304,0,27
1.76461E+12,363,posting_flights,415,Unsupported Media Type,Thread Group 1-6,text,FALSE,,360,406,40,40,http://localhost:8080/flight-service/flights,357,0,27
1.76461E+12,388,posting_flights,415,Unsupported Media Type,Thread Group 1-20,text,FALSE,,360,406,41,41,http://localhost:8080/flight-service/flights,385,0,22
1.76461E+12,252,posting_flights,415,Unsupported Media Type,Thread Group 1-35,text,FALSE,,360,406,42,42,http://localhost:8080/flight-service/flights,244,0,1
1.76461E+12,413,posting_flights,415,Unsupported Media Type,Thread Group 1-1,text,FALSE,,360,406,41,41,http://localhost:8080/flight-service/flights,412,0,27
1.76461E+12,286,posting_flights,415,Unsupported Media Type,Thread Group 1-33,text,FALSE,,360,406,41,41,http://localhost:8080/flight-service/flights,281,0,1
1.76461E+12,320,posting_flights,415,Unsupported Media Type,Thread Group 1-30,text,FALSE,,360,406,41,41,http://localhost:8080/flight-service/flights,314,0,1
1.76461E+12,113,posting_flights,415,Unsupported Media Type,Thread Group 1-51,text,FALSE,,360,406,41,41,http://localhost:8080/flight-service/flights,113,0,2
1.76461E+12,243,posting_flights,415,Unsupported Media Type,Thread Group 1-39,text,FALSE,,360,406,40,40,http://localhost:8080/flight-service/flights,243,0,1
1.76461E+12,222,posting_flights,415,Unsupported Media Type,Thread Group 1-41,text,FALSE,,360,406,40,40,http://localhost:8080/flight-service/flights,222,0,0
1.76461E+12,241,posting_flights,415,Unsupported Media Type,Thread Group 1-40,text,FALSE,,360,406,39,39,http://localhost:8080/flight-service/flights,234,0,1
1.76461E+12,362,posting_flights,415,Unsupported Media Type,Thread Group 1-29,text,FALSE,,360,406,39,39,http://localhost:8080/flight-service/flights,344,0,1
1.76461E+12,460,posting_flights,415,Unsupported Media Type,Thread Group 1-15,text,FALSE,,360,406,38,38,http://localhost:8080/flight-service/flights,459,0,26
1.76461E+12,379,posting_flights,415,Unsupported Media Type,Thread Group 1-28,text,FALSE,,360,406,38,38,http://localhost:8080/flight-service/flights,362,0,1
1.76461E+12,235,posting_flights,415,Unsupported Media Type,Thread Group 1-43,text,FALSE,,360,406,37,37,http://localhost:8080/flight-service/flights,233,0,1
1.76461E+12,449,posting_flights,415,Unsupported Media Type,Thread Group 1-22,text,FALSE,,360,406,37,37,http://localhost:8080/flight-service/flights,443,0,2
1.76461E+12,222,posting_flights,415,Unsupported Media Type,Thread Group 1-45,text,FALSE,,360,406,36,36,http://localhost:8080/flight-service/flights,217,0,1
1.76461E+12,292,posting_flights,415,Unsupported Media Type,Thread Group 1-38,text,FALSE,,360,406,35,35,http://localhost:8080/flight-service/flights,292,0,4
1.76461E+12,407,posting_flights,415,Unsupported Media Type,Thread Group 1-27,text,FALSE,,360,406,34,34,http://localhost:8080/flight-service/flights,406,0,1
1.76461E+12,480,posting_flights,415,Unsupported Media Type,Thread Group 1-8,text,FALSE,,360,406,34,34,http://localhost:8080/flight-service/flights,480,0,26
1.76461E+12,337,posting_flights,415,Unsupported Media Type,Thread Group 1-34,text,FALSE,,360,406,32,32,http://localhost:8080/flight-service/flights,336,0,1
1.76461E+12,439,posting_flights,415,Unsupported Media Type,Thread Group 1-25,text,FALSE,,360,406,33,33,http://localhost:8080/flight-service/flights,438,0,1
1.76461E+12,212,posting_flights,415,Unsupported Media Type,Thread Group 1-48,text,FALSE,,360,406,32,32,http://localhost:8080/flight-service/flights,211,0,1
1.76461E+12,104,posting_flights,415,Unsupported Media Type,Thread Group 1-59,text,FALSE,,360,406,31,31,http://localhost:8080/flight-service/flights,102,0,1
1.76461E+12,454,posting_flights,415,Unsupported Media Type,Thread Group 1-24,text,FALSE,,360,406,31,31,http://localhost:8080/flight-service/flights,453,0,1
1.76461E+12,229,posting_flights,415,Unsupported Media Type,Thread Group 1-47,text,FALSE,,360,406,30,30,http://localhost:8080/flight-service/flights,229,0,1
1.76461E+12,285,posting_flights,415,Unsupported Media Type,Thread Group 1-42,text,FALSE,,360,406,29,29,http://localhost:8080/flight-service/flights,279,0,0
1.76461E+12,349,posting_flights,415,Unsupported Media Type,Thread Group 1-36,text,FALSE,,360,406,29,29,http://localhost:8080/flight-service/flights,334,0,0
1.76461E+12,81,posting_flights,415,Unsupported Media Type,Thread Group 1-63,text,FALSE,,360,406,28,28,http://localhost:8080/flight-service/flights,81,0,1
1.76461E+12,114,posting_flights,415,Unsupported Media Type,Thread Group 1-60,text,FALSE,,360,406,27,27,http://localhost:8080/flight-service/flights,113,0,2
1.76461E+12,201,posting_flights,415,Unsupported Media Type,Thread Group 1-52,text,FALSE,,360,406,27,27,http://localhost:8080/flight-service/flights,201,0,1
1.76461E+12,413,posting_flights,415,Unsupported Media Type,Thread Group 1-31,text,FALSE,,360,406,26,26,http://localhost:8080/flight-service/flights,412,0,1
1.76461E+12,90,posting_flights,415,Unsupported Media Type,Thread Group 1-64,text,FALSE,,360,406,26,26,http://localhost:8080/flight-service/flights,89,0,1
1.76461E+12,194,posting_flights,415,Unsupported Media Type,Thread Group 1-54,text,FALSE,,360,406,25,25,http://localhost:8080/flight-service/flights,193,0,1
1.76461E+12,475,posting_flights,415,Unsupported Media Type,Thread Group 1-26,text,FALSE,,360,406,24,24,http://localhost:8080/flight-service/flights,470,0,1
1.76461E+12,180,posting_flights,415,Unsupported Media Type,Thread Group 1-56,text,FALSE,,360,406,24,24,http://localhost:8080/flight-service/flights,180,0,1
1.76461E+12,195,posting_flights,415,Unsupported Media Type,Thread Group 1-55,text,FALSE,,360,406,23,23,http://localhost:8080/flight-service/flights,195,0,1
1.76461E+12,164,posting_flights,415,Unsupported Media Type,Thread Group 1-58,text,FALSE,,360,406,23,23,http://localhost:8080/flight-service/flights,160,0,1
1.76461E+12,376,posting_flights,415,Unsupported Media Type,Thread Group 1-37,text,FALSE,,360,406,23,23,http://localhost:8080/flight-service/flights,376,0,1
1.76461E+12,247,posting_flights,415,Unsupported Media Type,Thread Group 1-50,text,FALSE,,360,406,21,21,http://localhost:8080/flight-service/flights,246,0,1
1.76461E+12,286,posting_flights,415,Unsupported Media Type,Thread Group 1-46,text,FALSE,,360,406,19,19,http://localhost:8080/flight-service/flights,285,0,1
1.76461E+12,217,posting_flights,415,Unsupported Media Type,Thread Group 1-53,text,FALSE,,360,406,18,18,http://localhost:8080/flight-service/flights,217,0,1
1.76461E+12,308,posting_flights,415,Unsupported Media Type,Thread Group 1-44,text,FALSE,,360,406,18,18,http://localhost:8080/flight-service/flights,307,0,1
1.76461E+12,140,posting_flights,415,Unsupported Media Type,Thread Group 1-61,text,FALSE,,360,406,17,17,http://localhost:8080/flight-service/flights,140,0,1
1.76461E+12,179,posting_flights,415,Unsupported Media Type,Thread Group 1-57,text,FALSE,,360,406,17,17,http://localhost:8080/flight-service/flights,179,0,1
1.76461E+12,566,posting_flights,415,Unsupported Media Type,Thread Group 1-2,text,FALSE,,360,406,16,16,http://localhost:8080/flight-service/flights,565,0,26
1.76461E+12,76,posting_flights,415,Unsupported Media Type,Thread Group 1-70,text,FALSE,,360,406,16,16,http://localhost:8080/flight-service/flights,75,0,1
1.76461E+12,67,posting_flights,415,Unsupported Media Type,Thread Group 1-71,text,FALSE,,360,406,16,16,http://localhost:8080/flight-service/flights,65,0,1
1.76461E+12,458,posting_flights,415,Unsupported Media Type,Thread Group 1-32,text,FALSE,,360,406,14,14,http://localhost:8080/flight-service/flights,450,0,1
1.76461E+12,295,posting_flights,415,Unsupported Media Type,Thread Group 1-49,text,FALSE,,360,406,14,14,http://localhost:8080/flight-service/flights,291,0,2
1.76461E+12,120,posting_flights,415,Unsupported Media Type,Thread Group 1-67,text,FALSE,,360,406,13,13,http://localhost:8080/flight-service/flights,119,0,1
1.76461E+12,40,posting_flights,415,Unsupported Media Type,Thread Group 1-75,text,FALSE,,360,406,14,14,http://localhost:8080/flight-service/flights,29,0,0
1.76461E+12,59,posting_flights,415,Unsupported Media Type,Thread Group 1-73,text,FALSE,,360,406,14,14,http://localhost:8080/flight-service/flights,59,0,1
1.76461E+12,139,posting_flights,415,Unsupported Media Type,Thread Group 1-65,text,FALSE,,360,406,11,11,http://localhost:8080/flight-service/flights,132,0,1
1.76461E+12,133,posting_flights,415,Unsupported Media Type,Thread Group 1-66,text,FALSE,,360,406,10,10,http://localhost:8080/flight-service/flights,133,0,1
1.76461E+12,175,posting_flights,415,Unsupported Media Type,Thread Group 1-62,text,FALSE,,360,406,9,9,http://localhost:8080/flight-service/flights,175,0,1
1.76461E+12,38,posting_flights,415,Unsupported Media Type,Thread Group 1-76,text,FALSE,,360,406,9,9,http://localhost:8080/flight-service/flights,34,0,1
1.76461E+12,89,posting_flights,415,Unsupported Media Type,Thread Group 1-72,text,FALSE,,360,406,9,9,http://localhost:8080/flight-service/flights,85,0,0
1.76461E+12,68,posting_flights,415,Unsupported Media Type,Thread Group 1-77,text,FALSE,,360,406,10,10,http://localhost:8080/flight-service/flights,66,0,2
1.76461E+12,148,posting_flights,415,Unsupported Media Type,Thread Group 1-69,text,FALSE,,360,406,10,10,http://localhost:8080/flight-service/flights,123,0,1
1.76461E+12,37,posting_flights,415,Unsupported Media Type,Thread Group 1-81,text,FALSE,,360,406,9,9,http://localhost:8080/flight-service/flights,36,0,2
1.76461E+12,57,posting_flights,415,Unsupported Media Type,Thread Group 1-79,text,FALSE,,360,406,8,8,http://localhost:8080/flight-service/flights,39,0,1
1.76461E+12,69,posting_flights,415,Unsupported Media Type,Thread Group 1-78,text,FALSE,,360,406,8,8,http://localhost:8080/flight-service/flights,69,0,0
1.76461E+12,174,posting_flights,415,Unsupported Media Type,Thread Group 1-68,text,FALSE,,360,406,7,7,http://localhost:8080/flight-service/flights,174,0,1
1.76461E+12,115,posting_flights,415,Unsupported Media Type,Thread Group 1-74,text,FALSE,,360,406,7,7,http://localhost:8080/flight-service/flights,115,0,1
1.76461E+12,27,posting_flights,415,Unsupported Media Type,Thread Group 1-83,text,FALSE,,360,406,5,5,http://localhost:8080/flight-service/flights,27,0,1
1.76461E+12,36,posting_flights,415,Unsupported Media Type,Thread Group 1-82,text,FALSE,,360,406,5,5,http://localhost:8080/flight-service/flights,36,0,2
1.76461E+12,65,posting_flights,415,Unsupported Media Type,Thread Group 1-80,text,FALSE,,360,406,4,4,http://localhost:8080/flight-service/flights,64,0,1
1.76461E+12,25,posting_flights,415,Unsupported Media Type,Thread Group 1-84,text,FALSE,,360,406,4,4,http://localhost:8080/flight-service/flights,25,0,1
1.76461E+12,11,posting_flights,415,Unsupported Media Type,Thread Group 1-86,text,FALSE,,360,406,3,3,http://localhost:8080/flight-service/flights,11,0,2
1.76461E+12,27,posting_flights,415,Unsupported Media Type,Thread Group 1-85,text,FALSE,,360,406,2,2,http://localhost:8080/flight-service/flights,22,0,1
1.76461E+12,13,posting_flights,415,Unsupported Media Type,Thread Group 1-87,text,FALSE,,360,406,2,2,http://localhost:8080/flight-service/flights,13,0,2
1.76461E+12,11,posting_flights,415,Unsupported Media Type,Thread Group 1-88,text,FALSE,,360,406,2,2,http://localhost:8080/flight-service/flights,11,0,1
1.76461E+12,10,posting_flights,415,Unsupported Media Type,Thread Group 1-89,text,FALSE,,360,406,2,2,http://localhost:8080/flight-service/flights,10,0,1
1.76461E+12,9,posting_flights,415,Unsupported Media Type,Thread Group 1-90,text,FALSE,,360,406,2,2,http://localhost:8080/flight-service/flights,9,0,1
1.76461E+12,10,posting_flights,415,Unsupported Media Type,Thread Group 1-91,text,FALSE,,360,406,2,2,http://localhost:8080/flight-service/flights,10,0,1
1.76461E+12,9,posting_flights,415,Unsupported Media Type,Thread Group 1-92,text,FALSE,,360,406,1,1,http://localhost:8080/flight-service/flights,9,0,1
1.76461E+12,9,posting_flights,415,Unsupported Media Type,Thread Group 1-93,text,FALSE,,360,406,1,1,http://localhost:8080/flight-service/flights,8,0,1
1.76461E+12,10,posting_flights,415,Unsupported Media Type,Thread Group 1-94,text,FALSE,,360,406,2,2,http://localhost:8080/flight-service/flights,9,0,1
1.76461E+12,9,posting_flights,415,Unsupported Media Type,Thread Group 1-95,text,FALSE,,360,406,1,1,http://localhost:8080/flight-service/flights,9,0,1
1.76461E+12,11,posting_flights,415,Unsupported Media Type,Thread Group 1-96,text,FALSE,,360,406,2,2,http://localhost:8080/flight-service/flights,11,0,1
1.76461E+12,11,posting_flights,415,Unsupported Media Type,Thread Group 1-97,text,FALSE,,360,406,2,2,http://localhost:8080/flight-service/flights,10,0,1
1.76461E+12,10,posting_flights,415,Unsupported Media Type,Thread Group 1-98,text,FALSE,,360,406,1,1,http://localhost:8080/flight-service/flights,10,0,1
1.76461E+12,9,posting_flights,415,Unsupported Media Type,Thread Group 1-99,text,FALSE,,360,406,2,2,http://localhost:8080/flight-service/flights,9,0,0
1.76461E+12,8,posting_flights,415,Unsupported Media Type,Thread Group 1-100,text,FALSE,,360,406,1,1,http://localhost:8080/flight-service/flights,8,0,1
